This spreadsheet is based on Kedaliya's edition of the Śabdamaṇidarpaṇa of Kēśirāja. See https://github.com/aso2101/kannadaroots.,,,,,,
No.,Root,Meaning (Sanskrit),Meaning (English),Class,Compound?,Textual notes
1,ī,pradāne,to give.,ajanta,,
2,ō,snēhē,to love.,ajanta,,
3,kā,rakṣaṇē,to guard.,kanta,,
4,kī,raktapakvē,to become pus.,kanta,,
5,kē,śayanē,"to lie down,",kanta,,
6,kuṭaku,gāḍhapūraṇē,to cram into.,kanta,,
7,misuku,spandanē,to move.,kanta,,
8,musuku,avaraṇē,to cover.,kanta,,
9,"kusuku, kusuṅku",ghātanē,to strike.,kanta,,
10,"pisuku, pisuṅku",avajñātiśayē,to treat with great disrespect.,kanta,,
11,"kuṟuku, kuṟuṅku",khādanē,to eat etc.,kanta,,
12,muṟuku,mukhavikārē,"to distort the face, etc.",kanta,,
13,tuṟuku,gāḍhapravēśē,to force into.,kanta,,
14,nuṟuku,vr̥ddhihīnē,to be or become deficient in growth.,kanta,,
15,"iṟuku, iṟuṅku",nigrahagrahaṇē,"to hold firmly, etc.",kanta,,
16,sāku,rakṣaṇē,"to preserve, foster.",kanta,,
17,jarku,nakhaghātanē,to strike with the nails or claws.,kanta,,
18,nūṅku,prēraṇē,"to push on, etc.",kanta,,
19,soṅku,sparśanē,"to touch, etc.",kanta,,
20,kūṅku,utsarpanē,"to soar, etc.",kanta,,
21,teṅku,plavanē,"to float, swim.",kanta,,
22,avuṅku,dr̥ḍhapīḍanē,"to press firmly, etc.",kanta,,
23,kalaṅku,āḷōḍanē,"to stir up, etc.",kanta,,
24,"caluku, caluṅku",jalōtsarjanē,to pour out liquids.,kanta,,
25,"calaku, calaṅku",karavimācanē,"to loosen from out of the hand, etc.",kanta,,
26,"poḷaku, poḷaṅku",carvanakriyāyām,to chew.,kanta,,
27,paḷaṅku,gādhasparśanē,"to touch strongly or forcibly to push, etc.",kanta,,
28,"paluṅku, (paḻuku), nūṅku",,"to push, etc.",kanta,,
29,halaku,vr̥kṣarōhaṇē,"to climb, as a tree,",kanta,,
30,uluku,śarīrasphuranē,"the body to shake, etc.",kanta,,
31,muluku,prasavanakriyāyām,to be in labour.,kanta,,
32,kuluku,gādhapūranē,to fill with force.,kanta,,
33,"toḍaku, toḍaṅku",viparyasē,"to oppose, etc.",kanta,,
34,koṅku,kauṭilyē,"to get crooked, to bend.",kanta,,
35,baṅku,kauṭilyē,"to get crooked, to bend.",kanta,,
36,"tuḍuku, tuḍuṅku",satvaragrahaṇē,"to seize or grasp hastily, etc.",kanta,,
37,"puḍuku, puḍuṅku",karānvēṣaṇē,"to search for with the hands, etc.",kanta,,
38,"miḍuku, miḍuṅku",caitanyē,"to recover consciousness, etc.",kanta,,
39,"iḍuku, iḍuṅku",gāḍhavimocanē,"to unloose vehemently, etc.",kanta,,
40,aḍaku,sthānāntarapraṇītē,"to put in another place, etc.",kanta,,
41,kuḍuku,cañcughātanē,to peck.,kanta,,
42,"karduku, karduṅku",laghucañcughatanē,to peck lightly.,kanta,,
43,"barduku, barduṅku",jīvanārthē,to live.,kanta,,
44,bedaku,anvēṣaṇē,to search for.,kanta,,
45,kuḍuku,īṣatpradhavanē,to wash gently.,kanta,,
46,muḍuku (muduhu),śarīropaguhanē,to embrace the body.,kanta,,
47,minuku,antargatasvanē,"to speak in an indistinct tone, etc.",kanta,,
48,heṇaku,kadarthanē,to irritate or provoke.,kanta,,
49,kuṇuku,musalakriyāyām,"to pound,",kanta,,
50,koṇaku,mr̥galaṅghanē,"to leap, as a wild beast.",kanta,,
51,tiṇuku,apānavāyau,to fart.,kanta,,o.r. tiṇaku
52,bikku,ucchvāsē,"to sigh, sob,",kanta,,
53,okku,khalakaranē,to work on the floor for treading out corn.,kanta,,
54,ikku,tyāgahananayōḥ,"to deposit, etc., to beat, to kill.",kanta,,
55,nakku,lēhanē,to lick.,kanta,,o.r. nekku
56,pikku,vivaraṇē,to separate.,kanta,,
57,ekku,vibhajanē,"to divide, etc.",kanta,,
58,tekku,tiryakkaṇḍūtilāhanē,to lick the itch as beasts do.,kanta,,
59,kekku,gōśikṣadhvanau,to shout in training cattle.,kanta,,
60,mukku,khādanaviśēṣē,to eat in a certain manner.,kanta,,
61,nekku,antarlīnē,"to be depressed, etc.",kanta,,
62,kukku,vastrasvalpaghātanē,to beat a cloth to a small extent.,kanta,,
63,muḻuku muḻuṅku,jalanimajjanē,to be immersed in water.,kanta,,
64,"tuḷuku, tuḷuṅku",sēcanē,"to sprinkle, etc.",kanta,,
65,baḷku,namanē,to bend.,kanta,,
66,niḷku,uparisparśanē,"to stretch one's self, etc.",kanta,,
67,uḷku,dīptau,to shine.,kanta,,
68,aḷku,bhayē,to fear.,kanta,,
69,taḷku,anulēpanē,to anoint the body.,kanta,,
70,oḻku,pravāhē,to flow.,kanta,,
71,aḻku,jīrṇē,"to be worn out, etc.",kanta,,
72,urku,auddhatyē,"to be proud, etc.",kanta,,
73,sorku,unmādē,to grow proud.,kanta,,
74,"sirku, silku",pratibandhē,"to be impeded, entangled.",kanta,,
75,surku,saṅkocē,"to contract, shrivel.",kanta,,
76,cerku,nakhakṣatē,to wound with the nails or claws.,kanta,,
77,seṟku,vastrāntarapravēśē,"to tuck into, etc.",kanta,,
78,moraku,darpaghūrṇanē,to be in trembling oscillation from haughtiness.,kanta,,o.r. morku
79,kō,sūtrapravēśē,"to enter, as a thread into a needle, to be threaded, to thread.",kanta,,
80,ugi,ākarṣaṇē,"to draw towards, etc.",ganta,,
81,mugi,puṣpasaṅkōcanē,"to contract, as a flower, etc.",ganta,,
82,bagi,viślēṣē,"to divide, separate, etc.",ganta,,
83,sugi,bhayē,to fear.,ganta,,
84,bigi,bandhanē,to fasten.,ganta,,
85,agi,santrāsa-harṣa-carvanēṣu,"to tremble or fear, to be glad, to chew.",ganta,,
86,cigi,aṅgulivisarjanē,"to let loose from the fingers, to discharge or propel with the fingers.",ganta,,
87,pugu,pravēśē,to enter.,ganta,,
88,nagu,hasanē,to laugh.,ganta,,
89,ugu,visarjanē,"to let loose, throw away.",ganta,,
90,migu,atikramanē,"to exceed, etc.",ganta,,
91,muggu,jīrṇāvagandhē,"to get or have a corrupt, musty smell.",ganta,,
92,uggu,vacanavirodhē,"to stammer, etc.",ganta,,
93,põgu,gamanē,to go.,ganta,,
94,āgu,prādurbhavē,"to become manifest, to become.",ganta,,
95,kūgu,uccairdhvanau,"to cry aloud, shout.",ganta,,
96,tēgum,udanavāyau,"to belch,",ganta,,
97,tāgu,saṅghaṭṭanē,to come into close contact.,ganta,,
98,bāgu,namratvē,to bend or bow.,ganta,,
99,tūgu,tulanē,to weigh.,ganta,,
100,bīgu,harṣabhavē,"to be glad,",ganta,,
101,kēgu,mayūrasvanē,"to cry, as a peacock.",ganta,,
102,nīgu,tyajanē,to leave or quit.,ganta,,
103,hudugu,gõpanē,"to guard, conceal, etc.",ganta,,
104,sidugu,hastanvēṣaṇē,to search about or for with the hands.,ganta,,
105,pongu,sphuṭanē,"to burst, open, expand, etc.",ganta,,
106,nuṅgu,gilanē,to swallow.,ganta,,
107,kunuṅgu,saṅkocanē,"to contract, to bend.",ganta,,
108,tāṅgu,dhāraṇa-saṅghaṭṭanayōḥ,"to support, to come into close contact.",ganta,,
109,"jinugu, jinuṅgu",avyaktadhvanau,"to sound inarticulately, to mutter, to bum,",ganta,,
110,"malagu, malaṅgu",upadhānāvalambē,"to lie down, recline,",ganta,,
111,celaṅgu,karamuktau,"to let go from the hand, etc.",ganta,,
112,tolagu,viviktē,"to move away, separate from.",ganta,,
113,piṅgu,apasaranē,"to go away, to retreat.",ganta,,
114,misugu,kāntau,to shine.,ganta,,
115,esagu,udyōgē,"to undertake, to commence.",ganta,,
116,masagu,vijr̥mbhaṇē,"to open, extend, appear.",ganta,,
117,karagu,vilīnē,"to be dissolved, melt, etc.",ganta,,
118,koragu,rasavihinē,"to be deprived of juice, to shrivel, etc.",ganta,,
119,haragu,sasyakriyāyām,"to work in a corn-field, etc.",ganta,,
120,maṟugu,santāpē,"to burn, grieve.",ganta,,
121,eṟagu,praṇatē,"to stoop, to bow, etc.",ganta,,
122,miṟugu,cakacakayāmanē,to glitter.,ganta,,
123,tuṟugu,sañchannē,"to be covered or enveloped, etc.",ganta,,
124,uṟugu,vakrabhavē,"to be crooked, bent,",ganta,,
125,oragu,suptau,"to lie down, sleep.",ganta,,
126,karaṅgu,kārṣṇyē,to turn black.,ganta,,
127,uḍugu,saṅkōcanē,"to inflect, contract, shrivel, etc.",ganta,,
128,toḍagu,prārambhē,to begin.,ganta,,
129,maḍagu,gõpanē,"to hide, conceal.",ganta,,
130,naḍugu,kampanē,to tremble.,ganta,,
131,miḍugu,saṅkhinnē,to grieve.,ganta,,
132,kaḍaṅgu,"autsukyē,",to desire.,ganta,,
133,aḍaṅgu,gopanē,to hide.,ganta,,
134,oṇagu,śõṣaṇē,"to become dry, etc.",ganta,,
135,eḍeyuḍugu,vicchēdē,"to leave room, etc.",ganta,eḍe + uḍugu,
136,"toḷagu, beḷagu",kāntau,to shine.,ganta,,
137,muḻugu,nimagnē,to submerge.,ganta,,
138,alugu,sañcalanē,to shake.,ganta,,
139a,aḻi,kṣīṇatvē,"to decay, to grow less.",ganta,,
139b,aḻgu,kṣīṇatvē,"to decay, to grow less.",ganta,,
139c,taḻgu,kṣīṇatvē,"to decay, to grow less.",ganta,,
140,muḻgu,patanē,to fall down.,ganta,,
141,moḻgu,namanē,to bow.,ganta,,
142,aḻgu,layē,to dissolve.,ganta,,see 139b
143,puḻgu,dahanakriyāyām,to burn.,ganta,,
144,uḻgu,snēhē,to love.,ganta,,
145,moḻagu,vadanakriyāyām,"to sound, as musical instruments,",ganta,,
146,oḻgu,sammēḷanē,to unite.,ganta,,
147,nuḻgu (nuḷgu),sañcūrṇē,to be grounded.,ganta,,
148,kuḻgu,ākuñcanē,"to bend together, contract.",ganta,,
149,kaḻgu,kārṣṇyē,to turn black.,ganta,,
150,neḻgu,antarlīnē,"to sink in, be depressed..",ganta,,
152,oge,janana-vastraprakṣālanayōḥ,"to be born, to wash clothes.",ganta,,
153,bage,paribhāvē,"to reflect,",ganta,,
155,hoge,dhūpadhūmanirōdhakriyāyām,"to fume in the smoke of incense and other materials, to smoke,",ganta,,
156,nege,utpavanē,"to be purified, become clear.",ganta,,
157,moge,jalākarṣaṇē,"to scoop water,",ganta,,
158,miñcu,dīptau,"to shine,",canta,,
159,muñcu,agragamanē,to go before.,canta,,
160,piñcu,paścādarthē,to be behind.,canta,,
161,hoñcu,saṅkētōdyōgē,"to exert one’s self secretly, etc.",canta,,
162,paḷañcu,saṅghaṭṭanē,"to come into close contact, etc.",canta,,
163,jaṟucu,bahubhāṣāyām,to chatter.,canta,,
164,aṟucu,uccairdhvanau,to cry aloud.,canta,,
165,mōcu,vaidhavyē,to become a widow.,canta,,
166,kavicu,viparītapatanē,to be turned upside down.,canta,,
167,percu,vistārē,to increase.,canta,,
168,marcu,atiparicayē,to be intimately acquainted with.,canta,,
169,bercu,santrāsē,to fear.,canta,,
170,karcu,khādanē,to bite.,canta,,
171,bārcu,puñjīkaraṇē,to heap.,canta,,
172,tīrcu,niṣpattau,to finish.,canta,,
173,urcu,ākarṣaṇē,"to draw towards one's self,",canta,,
174,bircu,vibhajanē,"to divide, to loosen.",canta,,
175,parcu,avyaktadhvanau, to whisper.,canta,,o.r. arcu
176,peṭṭuvercu,darpē,to be very haughty.,canta,peṭṭu + percu,o.r. beṭṭuvercu
177,curcu,dahē,to burn.,canta,,
178,curcu,śikhisandhāranē,to burn.,canta,,
179,muccu,acchadanē,to cover.,canta,,
180,meccu,abhyupagamē,to assent.,canta,,
181,naccu,viśvāsē,to trust.,canta,,
182,eccu,añjanakriyāyām,to smear.,canta,,
183,keccu,tantuvāyakriyāyām,to do (a certain kind of) weaving-business.,canta,,
184,nāṇcu,lajjāyām,to be ashamed.,canta,,
185,kaḍegaṇcu,avajñāyām,"to slight, contempt.",canta,,kaḍe + kaṇcu
186,nuṇcu,apasaraṇē,to move off.,canta,,
187,alarcu,vikasanē,to cause to expand or open.,isvādeśacanta,,
188,elarcu,cētanakaraṇē,to give strength or animation.,isvādeśacanta,,
189,udircu,adhaḥpatanē,to cause to fall down (from above).,isvādeśacanta,,
190,sārcu,samīpāgamanē,to make go or come near or to.,isvādeśacanta,,
191,sõrcu,galanē,to cause to drop.,isvādeśacanta,,
192,oḍarcu,udyamē,to make effort; to begin.,isvādeśacanta,,
193,toḍarcu,bandhanē,"to bind, etc.",isvādeśacanta,,
194,bidircu,rathavimōcanē,to unharness or unyoke as a coach.,isvādeśacanta,,
195,amarcu,saṅghaṭikaraṇē,"to put into close contact, to join.",isvādeśacanta,,
196,bemarcu,svēdakaraṇē,to cause perspiration.,isvādeśacanta,,
197,nimircu,prasāraṇē,"to cause to be stretched, etc.",isvādeśacanta,,
198,poṇarcu,samyugē,"to join, to unite.",isvādeśacanta,,
199,taḷarcu,sthānāpagamanē,to cause to go away from a place.,isvādeśacanta,,
200,saḍilcu,saithilyē,to loosen.,isvādeśacanta,,
201,"koralcu, puyalcu",ākrōśadhvanau,to vociferate.,isvādeśacanta,,
202,"maralcu (cf. 622), maguḻcu",parāṅmukhīkaranē,"to avert the face, etc.",isvādeśacanta,,
203,nuguḷcu,sūkṣmadvārapravēśē,"to cause to enter a small opening, etc.",isvādeśacanta,,
204,muguḷcu,saṅkōcakaraṇē,"to cause to contract, etc.",isvādeśacanta,,
205,suruḷcu,saṅkōcanē,to cause to contract.,isvādeśacanta,,
206,teraḷcu,calanē,to cause to move.,isvādeśacanta,,
207,poraḷcu,luṭhanē,"to cause to welter, etc.",isvādeśacanta,,
208,keraḷcu,āsphōṭanē,to make great noise by slapping or clapping the arms (one ms. kōpōdrēkē to enrage).,isvādeśacanta,,
209,kuruḷcu,śastrasañcālanē,to shake a weapon.,isvādeśacanta,,
210,uruḷcu,nimnāgamanakaraṇē,to cause to roll down.,isvādeśacanta,,
211,haraḻcu,nētravirōdhakaraṇē,to impede or trouble the eye.,isvādeśacanta,,
212,eḻalcu,ālambanē,"to cause to hang down, etc.",isvādeśacanta,,
213,kaḻalcu,pr̥thakkaraṇē,to separate.,isvādeśacanta,,
214,baḻalcu,niścēṣṭayām,"to deprive of motion, activity, etc.",isvādeśacanta,,
215,baḻilcu,adhaḥsraṁsanē,"to cause to fall down, etc.",isvādeśacanta,,
216,aguḻcu,jalāśayamagnē,to cause to siṅk in a piece of water.,isvādeśacanta,,
217,aḻalcu,dukhōtpādanē,to make sorrowful.,isvādeśacanta,,
218,kimuḻcu,hastamardanē,to crush with the hand.,isvādeśacanta,,
219,negaḻcu,vikhyātau,to make famous.,isvādeśacanta,,
220,taguḻcu (taguḷcu),udyōgē,to engage in.,isvādeśacanta,,
221,añju,bhayē,to fear.,janta,,
222,piñju,pr̥thakkaraṇē,to separate.,janta,,
223,nañju,īṣallēhanē,"to lick a little, etc.",janta,,
224,berañju,cayanē,to collect together.,janta,,
225,māñju,apalāpē,to conceal.,janta,,
226,dāṇṭu,laṅghanē,"to jump over, cross.",ṭanta,,
227,dūṇṭu,ēkapādagatau,to walk on one leg.,ṭanta,,
228,kūṇṭu,vakritagatau,"to walk in a disfigured manner, to halt.",ṭanta,,
229,mīṇṭu,utpāṭanē,to pull out.,ṭanta,,
230,iṇṭu,pānē,to drink.,ṭanta,,
231,nāṇṭu,antarbhēḍē,to be pierced into.,ṭanta,,
232,teṇṭu,kūrpakaraṇē,to winnow.,ṭanta,,
233,sīṇṭu,gudasammārjanē,"to rub the anus, etc.",ṭanta,,
234,beraṇṭu,aṅgulikriyāyām,to make a certain performance with the fingers.,ṭanta,,
235,muruṇṭu,dahanakaraṇē,to cause to burn.,ṭanta,,
236,suruṇṭu,saṅkōcanē,to contract; to shrivel.,ṭanta,,
237,keraṇṭu,nakhakhananē,to dig with the nails or claws.,ṭanta,,
238,beraṇṭu,nakhakhananē,to dig with the nails or claws.,ṭanta,,
239,teraṇṭu,nivasanōdvahanē,to make a gift of raiment at a wedding.,ṭanta,,
240,uruṭu,atikramaṇē,to be overbearing.,ṭanta,,
241,tāṭu,saṅghaṭṭanē,to come inte close contact.,ṭanta,,
242,bagaṭu,ūruviślēṣē,to disunite the legs.,ṭanta,,
243,puṭṭu,utpattau,to be born.,ṭanta,,
244,kaṭṭu,bandhanē,"to bind, to build.",ṭanta,,
246,kuṭṭu,ṭāḍanē,"to strike, to pound.",ṭanta,,
246,beṭṭu,,gāḍhapravēśē to cause to enter firmly.,ṭanta,,
247,muṭṭu,sparśanē,to touch.,ṭanta,,
248,kiṭṭu,sparśanē,to touch.,ṭanta,,
249,aṭṭu,anudhāvanē,to run after.,ṭanta,,
250,aṟeyaṭṭu,anudhāvanē,to run after.,ṭanta,aṟe + aṭṭu,
251,eḻbaṭṭu,anudhāvanē,to run after.,ṭanta,eḻbu + aṭṭu,
252,meṭṭu,padavinyāsē,"to place the foot, step.",ṭanta,,
253,tiṭṭu,bhartsanē,to abuse.,ṭanta,,
254,suṭṭu,aṅgulidarśanē,to point at with the finger.,ṭanta,,
255,kiḍukuṭṭu,-saṅghaṭṭanē,to come into close contact.,ṭanta,kiḍu + kuṭṭu,
256,samakaṭṭu,vidhānē,to arrange.,ṭanta,sama + kaṭṭu,
257,guḍikaṭṭu,varṇapūrarēkhāyām,a ring or halo to form.,ṭanta,guḍi + kaṭṭu,
258,taṭṭu,tāḍanē,to strike.,ṭanta,,
259,eṭṭu,ūrdhvagatavastugrahaṇē,to reach a thing placed on high.,ṭanta,,
260,oṭṭu,ēkakriyāyām,"to make one, to put together.",ṭanta,,
261,jaḍi,tarjanē,to menace.,ḍanta,,
262,baḍi,tāḍanē,to strike.,ḍanta,,
263,nuḍi,vacanē,to speak.,ḍanta,,
264,piḍi,grahaṇē,to seize.,ḍanta,,
265,siḍi,vikīrṇē,to scatter.,ḍanta,,
266,kuḍi,pānē,to drink.,ḍanta,,
267,miḍi,"aṅgulipraharaṇē,","to strike with the finger,",ḍanta,,
268,muḍi,keśabandhanē,"to tie (or set in) the hair,",ḍanta,,
269,uḍi,mõṭanē,to break.,ḍanta,,
270,kaḍi,khaṇḍanē,"to cut; śakalē că a piece, a potsherd.",ḍanta,,
271,maḍi,maraṇē,to die.,ḍanta,,
272,giḍi,kabaḷapravēśē,"to enter in, or make enter, by mouthfuls.",ḍanta,,
273,iḍi,cūrṇē,to be powdered .,ḍanta,,
274,aḍu,pacanē,to cook.,ḍanta,,
275,suḍu,dāhē,to burn.,ḍanta,,
276,tuḍu,śarasandhānē,"to fix the arrow (to the bow),",ḍanta,,
277,kuḍu,pradānē,to give.,ḍanta,,
278,biḍu,vimōcanē,"to let go, etc.",ḍanta,,
279,uḍu,vastrapravēṣṭanē,to enter into clothes.,ḍanta,,
280,naḍu,samsthāpanē,to plant.,ḍanta,,
281,paḍu,maraṇē,to die.,ḍanta,,
282,seḍu,"syūti,","to be sewed, stitched, united; to sew, etc.",ḍanta,,
283,iḍu,karavimōcanē,"to let go or send off from the hand, etc.",ḍanta,,
284,kiḍu,vināśē,to be ruined.,ḍanta,,
285,maḍu,dr̥ḍhasandhānē,to put firmly or close together.,ḍanta,,
286,āḍu,nartanē,"to dance, to play.",ḍanta,,
287,pāḍu,gānē,to sing.,ḍanta,,
288,nōḍu,prēkṣaṇē,to see.,ḍanta,,
289,kāḍu,avahēlanē,"to treat disrespectfully, etc.",ḍanta,,
290,tõḍu,niṣkramaṇē,"to go out, come forth.",ḍanta,,
291,nīḍu,prasāraṇē,to stretch out.,ḍanta,,
292,ōḍu,palāyanē,to flee.,ḍanta,,
293,māḍu,karanē,"to make, to do.",ḍanta,,
294,tīḍu,vāyusparśanē,"to touch, as sin or wind, etc.",ḍanta,,
295,sūḍu,puṣpadhāraṇē,to dress with flowers.,ḍanta,,
296,kūḍu,sammēlanē,to come together.,ḍanta,,
297,ūḍu,bhojanakriyāyām,"to take food, etc.,",ḍanta,,
298,mūḍu,utpattau,"to be born, to rise.",ḍanta,,
299,koḍu,śaityē,to be cold; bhayē to fear.,ḍanta,,
300,bēḍu,yacñayām,to beg.,ḍanta,,
301,bāḍu,mlānē,to fade.,ḍanta,,
302,hūḍu,yōjanē,"to join, to harness.",ḍanta,,
303,aḻkāḍu,niravaśēṣē,to be consumed or finished.,ḍanta,aḻku + āḍu,
304,"taḍamāḍu, taḍammāḍu",viparyāsē,"to delude, perplex, etc.",ḍanta,tadam + māḍu,
305,ōlāḍu,jalakhēlanē,"to move to and fro in water, etc.",ḍanta,ōl + āḍu,
306,ēsāḍu,śaragatau,to shoot as an arrow.,ḍanta,ēsu + āḍu,
307,īsāḍu,jalōttaraṇē,"to cross water, to swim.",ḍanta,īsu + āḍu,
308,bīsāḍu,karavimōcanē,"to let go from the hand, to throw away.",ḍanta,bīsu + āḍu,
309,haraḍu,aṅgulikhananē,"to dig with the fingers, etc.,",ḍanta,,
310,kadaḍu,kaluṣē,to become turbid.,ḍanta,,
311,kalaḍu,kaluṣē,to become turbid.,ḍanta,,
312,muduḍu,saṅkōcaṇē,"to contract, shrink, etc.",ḍanta,,
313,horaḍu,pariluṭhanē,"to roll about, to welter, etc.",ḍanta,,
314,auḍu,dantacarvaṇē,to chew with the teeth.,ḍanta,,
315,haraḍu,prasāraṇē,to spread.,ḍanta,,see 309
316,allāḍu,sañcalanē,to shake.,ḍanta,allu + āḍu,
317,koṇḍāḍu,atyādarē,"to show excessive regard, to praise.",ḍanta,koṇḍu + āḍu,
318,āsevaḍu,īpsāyām,to desire.,ḍanta,āse + paḍu,
319,paḍaliḍu,vikīrṇapatanē,to fall scattered.,ḍanta,paḍal + iḍu,
320,mumbiḍu,purōvagamanē,to go or place before.,ḍanta,mumbu + iḍu,
321,holabugiḍu,digbhramaṇē,to become bewildered.,ḍanta,holabu + kiḍu,
322,oḍambaḍu,abhyupagamē,to agree.,ḍanta,oḍam + paḍu,
323,mūguvaḍu,maunē,to become silent.,ḍanta,mūgu + paḍu,
324a,bisāḍu,pramādatyajanē,"to throw away madly, etc.",ḍanta,,see 308
324b,bisuḍu,pramādatyajanē,"to throw away madly, etc.",ḍanta,,
324c,hōgāḍu,pramādatyajanē,"to throw away madly, etc.",ḍanta,hōgu + āḍu,
324d,īdāḍu,pramādatyajanē,"to throw away madly, etc.",ḍanta,īḍu + āḍu,
325,*aḷkajambaḍu,asūyyē,to envy.,ḍanta,,
326,karuvidu,lēpyakarmaṇē,"to mould, etc.",ḍanta,karu + iḍu,
327,tiṭṭaviḍu,citraprārambhē,"to delineate, etc.",ḍanta,tiṭṭa + iḍu,
328,ubbasambaḍu,utsāhanigrahē,(o.r. ucchvāsanigrahē) to become asthmatic.,ḍanta,ubbasam + paḍu,
329,dāḻiḍu,dūradhāvanē,"to rush far, etc.",ḍanta,dāḻi + iḍu,
330,gōḻiḍu,ākrōśadhvanau,"to roar, to howl.",ḍanta,gōḻu + iḍu,
331,ūḷiḍu,jambukasvanau,to howl as a jackal.,ḍanta,ūḷ + iḍu,
332,meyviḍu,niḥśaṅkatāyām,"to be without hesitation, be fearless.",ḍanta,mey + biḍu,
333,kūgiḍu,uccairdhvanau,to cry aloud.,ḍanta,kūgu + iḍu,
334,bāyviḍu,dainyē,"to grow low-spirited, etc.",ḍanta,bāy + biḍu,
335,bekkasambaḍu,vismayē,to be surprised.,ḍanta,bekkasam + paḍu,
336,poḍamaḍu,namaskārē,to make obeisance.,ḍanta,poḍa + maḍu,
337,talemaḍu,śirassandhānē,to join heads.,ḍanta,tale + maḍu,o.r. talevaḍu
338,rūpiḍu,krõdhanirdēśē,to indicate anger or passion.,ḍanta,rūpu + iḍu,
339,kāpiḍu,saṁrakṣaṇē,to protect.,ḍanta,kāpu + iḍu,
340,bērpadu,viviktē,be separated.,ḍanta,bēṟe + paḍu,
341,nērpadu,samślēșē,to be united etc.,ḍanta,nēr + paḍu,
342,oḍḍu,pratikārē,"to counteract, oppose .",ḍanta,,
343,hiṇḍu,muṣṭiniṣpīḍanē,to squeeze out with the fist (o.r.. niṣpīḍanē),ḍanta,,
344,civuḍu,nakhacchēdē,to cut off with the nails.,ḍanta,,
345,kaimāḍu,śastrasañcālanē,to brandish a weapon.,ḍanta,kai + māḍu,
346,bāymadu,pratijñāyām,"to assert, etc.",ḍanta,bāy + māḍu,
347,koṟacāḍu,marmōdghāṭanavacanē,"to speak so as to reveal a secret, etc.",ḍanta,koracu + āḍu,
348,ṟõḍāḍu,vakritāṅgāpahasanē,"to deride with grimaces, etc.",ḍanta,ṟōḍu + āḍu,
349,oḍe,sphõṭanē,to break.,ḍanta,,
350,poḍe,praharaṇē,to strike:,ḍanta,,
351,seḍe,āsthaulyē,to increase .,ḍanta,,o.r. siḍe
352,keḍe,patanē,to fall.,ḍanta,,o.r. kiḍe
353,aḍe,aṅgulipraharaṇē,to strike or throw with the finger.,ḍanta,,
354,paḍe,upārjanē,to acquire.,ḍanta,,
355,kaḍe,mathanē,to churn.,ḍanta,,
356,taḍe,kālakṣēpē,to delay.,ḍanta,,
357,toḍe,sammārjanē,"to wipe, etc..",ḍanta,,
358,naḍe,gamanē,to walk.,ḍanta,,
359,kaṭṭuvaḍe,manōnirõdhe,"the mind to be fettered, etc.",ḍanta,kaṭṭu + paḍe,
360,mogambaḍe,anunayē,to be polite etc.,ḍanta,mogam + paḍe,
361,jēvaḍe,siñjinipraharaṇē,to twang a bow. string (o.r. jēvoḍe).,ḍanta,jē + paḍe,
362,maṇi,namanē,to bow;,ṇanta,,
363,kuṇi,nartanē,to dance.,ṇanta,,
364,tiṇi,saṅkārṇē,"to be mixed together, etc.",ṇanta,,
365,taṇi,tr̥ptau,to be satisfied.,ṇanta,,
366,aṇe,sparśanē,to come in contact with (o.r. aṇi).,ṇanta,,
367,uṇ,bhājanē,to take a meal.,ṇanta,,
368,kāṇ,darśanē,to see.,ṇanta,,
369,māṇ,nivāraṇē,"to cease, etc.",ṇanta,,
370,pūṇ,pratijñāyām,"to promise, to assent, etc.",ṇanta,,
371,paṇ (paṇṇu),sajjikaraṇē,to make ready.,ṇanta,,
372,aṇe,aṅgulipraharaṇē,to strike or propel with the finger.,ṇanta,,see 366
373,soṇe,aṅgulipraharaṇē,"to strike with the fingers, etc.",ṇanta,,
374,peṇe,miśrabandhanē,"to unite miscellaneous things, twist, etc..",ṇanta,,
375,seṇe,krõdhē,to be angry.,ṇanta,,
376,noṇe,gilanē,to swallow.,ṇanta,,
377,toṇe,śaṭārtē,to cheat.,ṇanta,,
378,ottu,ākramaṇē,"to press, etc.",tanta,,
379,suttu,vēṣṭane,to surround.,tanta,,
380,muttu,niṛodhāvaraṇē,"to cover so as to obstruct, hem in.",tanta,,
381,kettu,spandanē,to quiver.,tanta,,
382,kuttu,ghatanē,"to strike, beat.",tanta,,
383,kettu,tanūkaraṇē,"to make thin, chip.",tanta,,
384,tuttu,kabalanē,to take by mouthful.,tanta,,
385,pattu,samślēșē,to be in contact; kalaha-saṅkhyayõḥ a fight; the number 10.,tanta,,
386,battu,nirdravē,"to lose wetness, dry up.",tanta,,
387,bittu,bijasthāpanē,"to put seeds, sow:",tanta,,
388,pottu,agnipaṭūkaraṇē,"to be kindled, etc.,",tanta,,
389,tē,apasaraṇē,"to move off, go away, etc.",tanta,,
390,tā,ardravakaraṇē,to make wet; to be wet.,tanta,,
391,hadi,khananavivaraṇē,"to uncover by digging, etc.",danta,,
392,pudi,acchadanē,to be covered.,danta,,
393,gudi,padabandhanē,to tie the feet.,danta,,
394,midi,musalakriyāyām,"to work with the pestle, to pound; ghāta-mardanayōḥ to kill, to grind.",danta,,
395,kudi,santāpē,"to boil, etc.",danta,,
396,kadu,yuddhē,to fight.,danta,,
397,modu,tāḍanē,to strike.,danta,,
398,õdu,paṭhanē,to read.,danta,,
399,ūdu,śvāsapraharaṇē,to strike with the breath,danta,,
400,urdu,sannighr̥ṣṭē,"to rub,",danta,,
401,gurdu,muṣṭitāḍanē,to strike with the fist.,danta,,
402,tirdu,r̥jūkaraṇē,to make straight or right.,danta,,
403,bardu,maraṇē,to die.,danta,,
404,pordu,samīpē,to be near.,danta,,
405,aḻdu,jalamagnē,"to siṅk under water, dive (o.r. āḻdu).",danta,,
406,tāḷdu,dharaṇē,"to hold, etc.",danta,,
407,moḷdu,atikramaṇē,"to transpass, transgress.",danta,,
408,temaḷdu,cayanē,to amass.,danta,,
409,sēndu,jalaniṣkramaṇē,to draw up water.,danta,,
410,nāndu,dravīkaraṇē,to liquefy.,danta,,
411,hondu,maraṇē,to die.,danta,,
412,sundu,maithunē,to lie with.,danta,,
413,nandu,vināśē,to perish.,danta,,
414,māndu,pratiṣēdhē,to stop (o.r. prasiddhē).,danta,,
415,ondu,sammēlanē,to be united.,danta,,
416,kandu,gatakāntau,to lose one's lustre:,danta,,
417,kundu,kṣayē,to decrease .,danta,,
418,mundu,purassaraṇē,to go before .,danta,,
419,ode,pādapraharanē,to strike with the foot.,danta,,
420,hode,ācchādanē,to cover.,danta,,
421,tade,tāḍanē,to strike.,danta,,
422,sade,iṣaccūrṇē,"to crush a little or slightly, to squash.",danta,,
423,pade,īpsāyām,to desire.,danta,,
424,mudu,vr̥ddhau,"to grow old, etc.",danta,,
425,mode,muñjatr̥ṇē,the grass Saccharum munja (not in all Mss.).,danta,,
426,muni,krõdhē,"to be angry,",nanta,,
427,kuni,ākuñcanē,to bend (v.i.); vakrabhūmau crooked or bent ground.,nanta,,
428,hani,bindupatanē,to fall in drops.,nanta,,
429,nān,ārdrabhāvē,to become wet.,nanta,,
430,ban,kulālakaraṇē,to do the work of a potter; ākāśagōmayapiṇḍapuñjayõḥ the sky; a heap of cakes of cow-dung.,nanta,,
431,ān,dhāraṇē,to hold.,nanta,,
432,nōn,vratācaraṇē,to perform a vow.,nanta,,
433,sīn,kṣutakaraṇē,to sneeze.,nanta,,
434,kün,ānamē,to bend.,nanta,,
435,pēn,yūkasamr̥ddhau,lice to increase.,nanta,,o.r. hēn
436,īn,tiryakprasavē,"to bring forth, as cattle and other beasts.",nanta,,
437,tin,khadanē,to eat.,nanta,,
438,en,bhāṣaṇē,to say.,nanta,,
439,nene,smaraṇē,to remember.,nanta,,
440,nane,ārdrabhāvē,to became wet.,nanta,,
441,tone,āndōlanē,to swing backwards and forwards.,nanta,,
442,kone,svīkr̥tārthavardhanē,to succeed in one's adopted cause.,nanta,,
443,one,śūrpakaraṇē,to winnow.,nanta,,
444,nō,vyathanē,to suffer pain.,nanta,,
445,pū,puṣpasambhavē,to bloom.,panta,,
446,parepu,prasarē,to spread (o.r. parapu).,panta,,
447,nerepu,sangrahē,to collect.,panta,,o.r. nerapu
448,tirupu,bhramaṇē,to turn round.,panta,,
449,uripu,agnibādhē,to cause to burn or flame.,panta,,o.r. urupu
450,muripu,muṣṭibhramaṇē,to whirl the fist.,panta,,
451,taṇipu,tr̥ptau,to satisfy.,panta,,
452,pōpu,āsannagamanē,to be zealously active in going (cf. 91).,panta,,
453,madipu,maranakaraṇē,to kill.,panta,,
454,keḍapu,patanē,"to make fall (o.r. keḍepu, kiḍipu).",panta,,
455,koḍapu,karavikīrṇē,to scatter about with the hand.,panta,,
456,salapu,rakṣaṇē,"to preserve, to protect, etc.",panta,,
457,iḻipu,adhaḥsthānē,"to cause to descend, to lower.",panta,,
458,gaḻapu,bahubhāṣaṇē,to chatter.,panta,,
459,kaḷipu,anugamanē,to send after.,panta,,
460,tiḷipu,krõdhōtsarjanē,to abandon one's anger.,panta,,
461,aḻipu,lõpatvē,to destroy.,panta,,
462,uḻipu,śēṣakaraṇē,to let remain.,panta,,
463,appu,āliṅganē,to embrace.,panta,,
464,oppu,saundaryē,to be beautiful.,panta,,
465,soppu,nivāraṇē,"to keep off, etc.",panta,,
466,tappu,skhalanē,"to slip, to err.",panta,,
467,ṟeppu,praharaṇē,to strike.,panta,,
468,kappu,khananē,to dig.,panta,,
469,kuppu,puñjīkaraṇē,to heap together.,panta,,
470,bī,avasānē,"to end, perish.",banta,,
471,nambu,viśvāsē,to trust.,banta,,
472,tumbu,pūraṇē,to become full.,banta,,
473,timbu,pūraṇē,to fill.,banta,,
474,āmbu,śōṣaṇē,to dry.,banta,,
475,nāmbu,ālasyē,to be idle.,banta,,
476,alambu,jalakṣālanē,to wash with water.,banta,,
477,taṟumbu,gatistambhē,to stop.,banta,,
478,kaṟumbu,asūyē,to envy.,banta,,
479,uṟumbu,yuddhakramaṇagamanē,"to march, march against.",banta,,
480,asumbu,sañcālanē,to shake.,banta,,
481,kalumbu,kaluṣīkaraṇē,to make turbid.,banta,,
482,nigumbu,puñjīkaraṇē,to amass.,banta,,
483,nilumbu,puñjīkaraṇē,to amass.,banta,,
484,tubbu,cõrasūcanē,to inform against a thief; to be detected as a thief.,banta,,
485,gerbu,maithunē,to have sexual intercourse.,banta,,
486,parbu,vistārē,to spread.,banta,,
487,korbu,samr̥ddhau,"to increase, to fatten.",banta,,
488,urbu,utsāhodvartanayōḥ,"to become full of effort, etc.; to rise or swell.",banta,,
489,jarbu,ākramaṇadhvanau,"to scold, etc.",banta,,o.r. āgrahadhvanau
490,tarbu,āślēṣē,to embrace.,banta,,
491,eḻbu,utsarpaṇē,to rise.,banta,,
492,bē,dāhē,to be burnt up.,banta,,
493,bā,śõbhē,to swell.,banta,,
494,mī,snapanē,to bathe.,manta,,
495,kemmu (kimmu),kāsē,to cough.,manta,,
496,kammu,dantasvāsē,breath to be fragrant.,manta,,"o.r. dantasvānē, gandhaśvāsē"
497,kummu,musalakriyāyām,"to work with a pestle, to pound.",manta,,
498,ommu,anuvartanē,"to assent, etc.",manta,,
499,cinimu,yugāṅgulivimõcanē,"to discharge by means of the fingers,",manta,,
500,hammu,rajjukriyāyām,to make or twist a rope.,manta,,
501,nemmu,pr̥ṣṭasthāpanē,"to lean on, etc.",manta,,
502,aṇmu,pauruṣē,to be strong.,manta,,
503,poṇmu,udgamanē,"to rise, appear.",manta,,
604,uṇmu,udgatau,to rise.,manta,,
506,kaygaṇmu,atikramaṇē,to overstep.,manta,kayge + aṇmu,
506,karegaṇmu,kūlātikramaṇē,to over step the boundary.,manta,karege + aṇmu,
507,name,guruyāpyē,"to become insignificant in bulk,",manta,,
508,same,nirvahaṇē,"to be made ready, etc.,",manta,,
509,mē,tiryakkhādanē,"to eat as beasts do, to graze.",manta,,
510,poy,tāḍanē,to strike.,yanta,,
511,bay,nikṣēpē,(o.r. vikṣēpē) to put aside.,yanta,,
512,gey,śilpē,to perform manual or mechanical art.,yanta,,"also key, as would appear from the compounds 523, 524, 529, 530, 531"
513,ney,vastrakriyāyām,to weave.,yanta,,
514,koy,lavanē,"to cut, reap.",yanta,,
515,uy,niyāmē,to restrain.,yanta,,
516,āray,anvēṣaṇē,to search.,yanta,,
517,suy,ucсhvāsē,"to breathe, sigh.",yanta,,
518,toy,sārdyatvē,to become wet.,yanta,,o.r. tuy
519,kāy,phalōtpattau,fruit to grow.,yanta,,
520,āy,viralavastvākarṣaṇē,"to pick up single things, select.",yanta,,
521,pāy,laṅghanē,to pass over.,yanta,,
522,manamboy,samagracēṣtāyām,to be replete with activity.,yanta,manam + poy,
523,kaḍukey,tīvratvē,to basten.,yanta,kaḍu + key,
524,olakey,antaḥkriyāyaā,"to do or to put inside, etc.",yanta,ola + key,
525,taḻpoy,pratihatē,"to be obstructed, to hinder.",yanta,taḻ + poy,
526,kaygāy,samrakṣaṇē,to protect.,yanta,kay + kāy,
527,tuḻilgey,namaskārē,to make obeisance.,yanta,tuḻil + gey,
528,kaygey,bhūṣanõdvahanē,"to trim, to adorn.",yanta,kay + gey,
529,embukey,anumatē,to assent.,yanta,embu + key,
530,imbukey,sthānasaṅgrahē,to seize a place.,yanta,imbu + key,
531,appukey,aṅgīkaraṇē,"to agree, consent.",yanta,appu + key,
532,kayvoy,pratijnāyām,"to agree, assent",yanta,kay + poy,
533,sari,palāyanē,"to go backwards, flee.",ranta,,
534,suri,galanē,to drop.,ranta,,
535,biri,sphuṭanē,to burst.,ranta,,
536,ari,kr̥ntanē,"to cut, cut off.",ranta,,
537,kiri,vapanē,to shave; tantu granthi varāhayõḥ a knot in thread; a hog.,ranta,,
538,muri,vakrabhāvē,"to be bent, grow crooked.",ranta,,
539,hari,dhāvanē,"to run, flow.",ranta,,o. r. pari
540,uri,dahanē,to burn.,ranta,,
541,kari,atidānē,"to be burnt, to cinder, be charred.",ranta,,
542,huri,nirdravakaraṇē,"to make dry, parch.",ranta,,
543,jari,tīrapatanē,"to slide or slip down, as a baṅk.",ranta,,
544,nimir,prasāraṇē,"to extend, become straight.",ranta,,
545,amar,gātraślēṣē,"to be closely united, be liṅked to.",ranta,,
546,bemar,svēdabhāvē,to be in perspiration.,ranta,,
547,timir,tvaṅmalavisarjanē,to do away with filth of excretion of the skin.,ranta,,
548,aḍar,arōhaṇē,"to ascend, climb.",ranta,,
549,toḍar,bandhanē,to be bound.,ranta,,
550,bidur,aśr̥ṅkhalāyām,to unite.,ranta,,
551,poḍar,sphuraṇē,to tremble.,ranta,,
552,adir,kampanē,to tremble.,ranta,,
553,bidir,vikīrṇē,"to be scattered, spread out.",ranta,,
554,udir,patanē,to fall down from above.,ranta,,
555,alar,vikasanē,"to open, blossom.",ranta,,
556,malar,parāṅmukhē,the face to be turned or averted.,ranta,,
557,pōr,mallayuddhē,to wrestle.,ranta,,
558,sār,samīpagamanē,to come or go near.,ranta,,
559,nēr,kr̥ntanē,"to cut, cut off.",ranta,,
560,pār,samayānvēṣaṇē,"to search for a time or occasion, look for.",ranta,,
561,gōr,jalakaraṇē,"to catch with a net, fish.",ranta,,
562,sēr,sānumatē,to agree with.,ranta,,
563,kūr,snēhē,to be attached to.,ranta,,
564,bār,carmavallīkaraṇē,"to cut leather lengthwise or in straps; drava-dravyanirmuktau to set free a liquid, pour out.",ranta,,
565,sõr,galanē,"to drop,",ranta,,
566,kār,khādanē,to bite.,ranta,,
567,hīr,rasāsvādanē,to suck a liquid.,ranta,,o.r. pīr
568,ār,uccairdhvanau,"to cry aloud; halānvita-vr̥sabha-yugmē a pair of oxen yoked to a plough,",ranta,,
569,konar,pallavõtpattau,to sprout.,ranta,,
570,cigur,pallavõtpattau,to sprout.,ranta,,
571,taḷir,pallavõtpattau,to sprout,ranta,,
572,kanar,apakvarasē,the taste of something upripe to exist.,ranta,,
573,osar,sravaṇē,to ooze.,ranta,,
574,kisur,asahyabhāvē,to be of an intolerable nature or very disagreeable.,ranta,,
575,asur,asahyabhāvē,to be of an intolerable nature or very disagreeable.,ranta,,
576,usir,bhaṣanē,to speak.,ranta,,
577,kasar,galakaṇḍūtau,"to scratch the throat, to be astringent to the taste.",ranta,,
578,pasur,haritabhāvē,to be green.,ranta,,
579,tagar,gatibandhanē,to stop.,ranta,,
580,bigur,bhayē,to fear.,ranta,,
581,ir,sthāyībhāvē,"to be, to stay.",ranta,,
582,tar,ānayē,to bring.,ranta,,
583,bar,āgamanē,to come.,ranta,,
584a,eḻtar,samīpagamanē,to come near.,ranta,eḻ + tar,
584b,eylar,samīpagamanē,to come near.,ranta,ey + tar,
584c,sārtar,samīpagamanē,to come near.,ranta,sār + tar,
585,pore,põṣanē,to nourish.,ranta,,
586,nere,samyōgē,to be united.,ranta,,
587,are,pēṣaṇē,to grind.,ranta,,
588,ore,karṣaṇē,to draw.,ranta,,
589,kare,āhvānē,to call.,ranta,,
590,tore,stanyē,milk to come to breast.,ranta,,
591,kore,nidrāṅgadhvanau,to snore.,ranta,,
592,ere,yacñāyām,to beg,ranta,,
593,pare,prasāranē,to extend.,ranta,,
594,bare,vilēkhanē,to write.,ranta,,
595,mure,bhramarādininādē,to sound as a black bee and other insects,ranta,,o.r. more
596,kere,nakhakriyāyām,to scratch with the nails.,ranta,,
597,miḷir,luṭhanē,to move about.,ranta,,
598,taḷar,calanē,to move.,ranta,,
599,aḷur,āvaraṇē,to cover.,ranta,,
600,taḷir,pallavõtpattau,to sprout.,ranta,,
601,kiḷir,hayadhvanau,to neigh.,ranta,,
602,beḷar,dhāvalyē,to become white or bright.,ranta,,
603,keḷar,vijr̥mbhaṇē,"to expand, yawn.",ranta,,
604,miḷir,samr̥ddhau,to increase.,ranta,,
605,kuḷir,r̥jubhēdē,"to bend, sit down.",ranta,,
606,male,auddhatyē,to be puffed up.,lanta,,
607,kele,utsahadhvanau,to shout with energy or for joy.,lanta,,
608,ole,ōndōlanē,to be in a swinging motion.,lanta,,
609,ale,paribhāva-lõlanayōḥ,"to slight, disgrace, to shake, be unsteady.",lanta,,
610,aṇḍale,āsannapīḍanē,"to oppress, harass.",lanta,,
611,kaṇmale,cittasphuraṇē,to flash on the mind.,lanta,kaṇ + male,
612,pol,syūtē,to sew.,lanta,,
613,kicikil,hēṣitē,to neigh.,lanta,,
614,kukil,kōkilasvanē,to sound as a cuckoo.,lanta,,
615,oṟal,snēhē,to love.,lanta,,
616,neṟal,niścēṣṭāvalambanē,to hang down motionless or powerless; to faint.,lanta,,
617,kaḻal,tanutvē,"to be thin; takra-mañjīrayōḥ butter milk mixed with water; a foot-ring, aṅklet.",lanta,,
618,aval,musalakriyāyām,"to work with the pestle, to pound,",lanta,,
619,baḻal,śrāntau,to be weary.,lanta,,
620,toḻal,bhramaṇē,to whirl round; to wander about.,lanta,,
621,aḻal,duhkhē,"to sorrow, to grieve.",lanta,,
622,eḻal,ālambanē,"to hang down, be pendent.",lanta,,
623,piḷil,hastōnmuktau,to let loose from the hand.,lanta,,
624,maral,parāṅmukhē,the face to be turned or averted; to turn backwards.,lanta,,
625,aral,vikāsē,"to open, blow.",lanta,,
626,kanal,krõdhē,to be angry.,lanta,,
627,onal,apahasanakrōdhē,"to be in scornful wrath, in wrath which knows no smile.",lanta,,
628,naral,vēdanadhvanau,"to groan, moan.",lanta,,
629,maḍal,vallivr̥ddhau,to spread out or run as a creeper.,lanta,,
630,siḍil,vikīrṇē,to be scattered .,lanta,,
631,taḷal,śākhāmukhē,"to bud, shoot as branches.",lanta,,
632,ele,taḷal-pallavaprāptau,to get sprouts or shoots.,lanta,,
633,jōl,ālambanē,"to hang down, be suspended.",lanta,,
634,kol,himsāyām,to kill.,lanta,,
635,sal,sthānapravēšē,"to enter a place, to enter.",lanta,,
636,nil,gatimuktau,"to cease from walking, stand.",lanta,,
637,bil,vikrayē,to sell.,lanta,,
638,kal,abhyāsē,to learn.,lanta,,
639,jigil,snigdhasaṅklēṣayōḥ,"to be sticky, gummy; to suffer distress.",lanta,,
640,pagil,snigdhasaṅklēṣayōḥ,"to be sticky, gummy; to suffer distress.",lanta,,
641,taṟisal,niścayē,"to be ascertained, settled.",lanta,,
642,*baḻisal,anugamanē,to follow.,lanta,,
643,sõl,parājayē,"to lose, be defeated.",lanta,,
644,sāl,r̥ṇē,to get into debt.,lanta,,
645,pōl,sādr̥śyē,to resemble.,lanta,,
646,nūl,tantukaraṇē,to make thread.,lanta,,
647,nēl,ālambanē,"to be suspended, to hang.",lanta,,
648,pēl,malavisarjanē,to void excrement:,lanta,,
649,avi,nigūhanē,"(o.r. gūhanē) to cover, hide.",vanta,,
650,kavi,acchadanē,to cover.,vanta,,
651,savi,khādanaparkṣāyām,"to test by eating, to taste.",vanta,,
652,tivi,muṣṭipraharaṇē,to strike with the fist.,vanta,,
653,tavu,kṣayē,"to decrease, to waste away.",vanta,,
654,odavu,samddhau,to thrive.,vanta,,
655,õvu,pālanē,"to guard, protect.",vanta,,
656,sivu,bhūṣaṇē,to adorn.,vanta,,
657,tīvu,püraṇē,to fill; to become full.,vanta,,
658,eḻavu,apamarjanē,to remove by wiping or rubbing.,vanta,,
659,garavu,sarvakarṣaṇē,to draw the whole towards one’s self.,vanta,,
660,taḍavu,hastānvēṣaṇē,"to seek with the hands, grope.",vanta,,
661,aḻvu,dahanātikramaṇē,burning to go beyond the proper limit.,vanta,,
662,taḷvu,kālākṣēpē,to delay.,vanta,,
663,eḷavu,vidhikaraṇē,"to order, to arrange.",vanta,,
664,husi,anr̥tē,"to be false, to lie.",santa,,
665,nasi,jīrṇē,to decay.,santa,,
666,basi,galanē,to drip.,santa,,
667,kusi,kṣīṇatvē,"to sink, give way.",santa,,
668,hasi,kṣudhāyām,to hunger.,santa,,
669,kisi,vikasanē,to open.,santa,,
670,sasi,sasyādyutpāṭanē,to pull out as corn.,santa,,
671,bīsu,āvartanē,to turn round.,santa,,
672,pāsu,āstaraṇakriyāyām,"to lay, spread out.",santa,,
673,sūsu,parityāgē,"to quit, let go.",santa,,
674,asu,ūrdhvavimōcanē,to release from above.,santa,,
675,māsu,malīmasē,to become dirty.,santa,,
676,hēsu,jugupsāyām,to feel aversion.,santa,,
677,bāsu,purīṣõtsargē,to void excrement.,santa,,
678,kīsu,kśikaraṇē,to make thin.,santa,,
679,mūsu,āghrāṇē,to smell.,santa,,
680,pūsu,vilēpanē,"to besmear, plaster.",santa,,
681,īsu,jalõttaraṇē,to cross water in swimming.,santa,,
682,hūsu,adhōvāyau,"to break wind downwards, fart.",santa,,
683,kāsu,dāhē,"to make hot, to heat.",santa,,
684,kōsu,sūtrapravēśē,to cause to thread.,santa,,
685,kayvisu,raṇāramba-hastasūcanayōḥ,to begin fighting by flourishing the hands; to give a sign with the hand.,santa,kay + bīsu,
686,aṟasu,anvēṣaṇē,to search.,santa,,
687,maṟasu,ācchādanē,"to conceal, hide.",santa,,
688,tuṟisu,kaṇḍūtikarṣaṇē,to scratch what itches.,santa,,
689,mogasu,udyōgārambhē,"to begin, to exert one's self.",santa,,
690,uḻisu,sahanē,"to bear, endure.",santa,,
691,eḷasu,icchāyām,to desire.,santa,,
692,baḷasu,bhramaṇa-kañcukāṅgayōḥ,to go round; a coat of mail.,santa,,
693,"berasu, kalasu",sammiśrē,to mix or be mixed.,santa,,
694,aḍasu,gādhapravēśē,to enter closely or firmly.,santa,,
695,alasu,ālasyē,to become tired or fatigued.,santa,,
696,seṇasu,īrṣāyām,to envy.,santa,,
697,orasu,gharṣanē,to rub.,santa,,
698,isu,śaravimōcanē,"to shoot, as an arrow.",santa,,
699,bisu,lõhasandhānē,"to put metals together, solder.",santa,,
700,pasu,vibhajanē,to divide.,santa,,
701,kose,nidhuvanakaraṇē,to have sexual intercourse.,santa,,
702,pose,rajjukriyāyām,"to make rope, twist.",santa,,
703,bese,garvē,to be proud.,santa,,
704,nese,utpavanē,to be purified.,santa,,
705,mase,gharṣaṇē,"to rub, wheat.",santa,,
706,ese,śõbhāyām,to shine.,santa,,
707,ose,prasannē,to be delighted.,santa,,
708,citrisu,rūpādilēkhanē,to draw a picture.,saṁskr̥tasvayaṁkartarīsu,,
709,sūtrisu,mānasūtrasthāpanē,to place a measuring line.,saṁskr̥tasvayaṁkartarīsu,,
710,garjisu,bhayaṅkaradhvanau,to roar.,saṁskr̥tasvayaṁkartarīsu,,
711,tarjisu,nivāraṇē,to keep off.,saṁskr̥tasvayaṁkartarīsu,,
712,mudrisu,aṅgīkaraṇē,"to agree to, to assent.",saṁskr̥tasvayaṁkartarīsu,,
713,bhadrisu,muṇḍanakriyāyām,to shave.,saṁskr̥tasvayaṁkartarīsu,,
714,varṇisu,stōtrē,to praise.,saṁskr̥tasvayaṁkartarīsu,,
715,ghūrṇisu,vijr̥mbhaṇē,"to gape, expand.",saṁskr̥tasvayaṁkartarīsu,,
716,śikṣisu,niyamē,"to restrain, subdue.",saṁskr̥tasvayaṁkartarīsu,,
717,"vāḷisu, mēḷisu",saṁyōgē,to be joined.,saṁskr̥tasvayaṁkartarīsu,,
718,rakṣisu,pālanē,to protect.,saṁskr̥tasvayaṁkartarīsu,,
719,rājisu,śõbhāyām,to shine.,saṁskr̥tasvayaṁkartarīsu,,
720,pūjisu,arcanavidhau,"to worship, adore.",saṁskr̥tasvayaṁkartarīsu,,
721,vartisu,vartanē,to be occupied.,saṁskr̥tasvayaṁkartarīsu,,
722,kīrtisu,varṇanē,to praise.,saṁskr̥tasvayaṁkartarīsu,,
723,nīrājisu,āratīkakriyāyām,to wave lamps before a person or idol.,saṁskr̥tasvayaṁkartarīsu,,
724,yōjisu,anumatē,to assent to.,saṁskr̥tasvayaṁkartarīsu,,
725,jēṅkarisu,praśaṁsāyām,to praise.,saṁskr̥tasvayaṁkartarīsu,,
726,māṅkarisu,avajñāyām,to surpass.,saṁskr̥tasvayaṁkartarīsu,,o.r. mākarisu
727,śāsisu,śikṣāyām,"to teach, train.",saṁskr̥tasvayaṁkartarīsu,,
728,vāsisu,āghrāṇē,to smell.,saṁskr̥tasvayaṁkartarīsu,,
729,niyāmisu,ājñāpanē,to command.,saṁskr̥tasvayaṁkartarīsu,,
730,abhinayisu,anukaraṇē,"to imitate, represent.",saṁskr̥tasvayaṁkartarīsu,,
731,rañjisu,śõbhāyām,to shine.,saṁskr̥tasvayaṁkartarīsu,,
732,puñjisu,rāśau,to heap.,saṁskr̥tasvayaṁkartarīsu,,
733,rañjisu,rāgē,to paint.,saṁskr̥tasvayaṁkartarīsu,,
734,bhañjisu,apamānē,to dishonour.,saṁskr̥tasvayaṁkartarīsu,,
735,udāharisu,kathanē,to relate.,saṁskr̥tasvayaṁkartarīsu,,
736,carayisu,bhramaṇē,to walk about.,saṁskr̥tasvayaṁkartarīsu,,o.r. cariyisu
737,varayisu,svīkārē,"to adopt, make one's own.",saṁskr̥tasvayaṁkartarīsu,,o.r. variyisu
738,kōpisu,amarṣē,to become angry.,saṁskr̥tasvayaṁkartarīsu,,
739,sthāpisu,nyāsakaraṇē,"to put down, place.",saṁskr̥tasvayaṁkartarīsu,,
740,sañcisu,saṅgrahē,to collect.,saṁskr̥tasvayaṁkartarīsu,,
741,vañcisu,apalāpē,"to conceal, deny.",saṁskr̥tasvayaṁkartarīsu,,
742,ramisu,krīḍāyām,to enjoy carnally.,saṁskr̥tasvayaṁkartarīsu,,
743,gamisu,gamakr̥tē,(o.r. gamakatvē) to go.,saṁskr̥tasvayaṁkartarīsu,,
744,ālisu,ākarṇanē,to listen attentively.,karṇāṭa isu,,
745,mālisu,kaṭākṣē,to cast a side-glance.,karṇāṭa isu,,
746,nigumbisu,saṅkīrṇarāśau,a heap to be formed of miscellaneous things.,karṇāṭa isu,,
747,nambisu,anumõdanē,"to cause, to assent.",karṇāṭa isu,,
748,guḍiyisu,puñjīkaraṇē,to make a heap.,karṇāṭa isu,,o.r. guḍisu
749,baḍisu,ōlgakriyāyām,(vālagakriyāyām) to serve up or cut.,karṇāṭa isu,,
750,niṭṭisu,nirbharālōkē,to look excessively.,karṇāṭa isu,,
751,tuṭṭisu,śaktikṣayē,strength to be diminished.,karṇāṭa isu,,
752,ōsarisu,apādānē,to remove.,karṇāṭa isu,,
753,bōsarisu,mithyādarē,to flatter.,karṇāṭa isu,,
754,mukkuḷisu,gaṇḍūṣē,to rinse the mouth with water.,karṇāṭa isu,,
755,bikkuḷisu,udgārē,to vomit.,karṇāṭa isu,,
756,akkuḷisu,nimnakukṣau,"to contract the body,",karṇāṭa isu,,
757,nikkuḷisu,vilāsāvanamrē,to bend one's self from couquetry.,karṇāṭa isu,,
758,jakkuḷisu,narmakaraṇē,to jest at.,karṇāṭa isu,,
759,kuppaḷisu,rāśau,to heap.,karṇāṭa isu,,
760,appaḷisu,āsphālanē,to flap.,karṇāṭa isu,,
761,bittarisu,vistārē,to spread.,karṇāṭa isu,,
762,ottarisu,udvr̥ttāyām,to act haughtily (o.r. udvrittau).,karṇāṭa isu,,
763,ummaḷisu,cintāyām,to grieve.,karṇāṭa isu,,
764,dommaḷisu,tiryaksamūhasambhramē,"to be agitated or alarmed, as a herd of cattle.",karṇāṭa isu,,
765,kokkarisu,vibhatsarjanē,(o.r. nirbhartsanē) to threaten.,karṇāṭa isu,,
766,cekkarisu,ajadhvanau,to bleat.,karṇāṭa isu,,o.r. bekkarisu
767,ālisu,paribhāvanē,to thiṅk about.,karṇāṭa isu,,cf. 744
768,sõlisu,apajayē,to defeat.,karṇāṭa isu,,
769a,sandaṇisu,samūhē to crowd.,bāhulyē ca,karṇāṭa isu,,
769b,gondaṇisu,samūhē to crowd.,bāhulyē ca,karṇāṭa isu,,
770,biccaḻisu,vistārē,to spread out.,karṇāṭa isu,,
771,puccaḻisu,layē,"to melt away, be destroyed.",karṇāṭa isu,,
772,beccaḷisu,vimōhē,to become bewildered or be beguiled.,karṇāṭa isu,,
773,ṭebbarisu,kuṇṭhīkaraṇē,"to make blunt, stupid.",karṇāṭa isu,,
774,gabbarisu,khananē,to dig.,karṇāṭa isu,,
775,ubbarisu,pūraṇē,to swell.,karṇāṭa isu,,
776,kurgisu,saṅkōcē,to cause to be bent.,karṇāṭa isu,,
777,jānisu,dhyānē,to meditate.,karṇāṭa isu,,
778,jinigisu,naṣtacēṣṭāyām,to be or make motionless.,karṇāṭa isu,,
779,taḍavarisu,anvēṣaṇē,"(o.r.s, asauṣṭanē, sauṣtanē to grope)",karṇāṭa isu,,
780,guḍuguḍisu,kōpõdrēkē,to be excessively angry.,karṇāṭa isu,,o.r. guḍiguḍisu
781,cimicimisu,śabdē,to make a certain sound.,karṇāṭa isu,,
782,kadakadisu,sañcalatvē,"to tremble, shake.",karṇāṭa isu,,
783,kaḷavaḷisu,manōvaikalye,to be agitated in one's mind.,karṇāṭa isu,,
784,kanavarisu,nidrāvikārē,to talk in one's sleep.,karṇāṭa isu,,
785,sairisu,sahanē,"(o.r. kṣamatvē) to bear, forbear.",karṇāṭa isu,,
786,sogayisu,śõbhāyām,to shine.,karṇāṭa isu,,
787,mandayisu,sāndratvē,to thicken.,karṇāṭa isu,,
788,sandisu,sandhānē,"to unite, join.",karṇāṭa isu,,
789,cāḷisu,cāpalyē,to be unsteady.,karṇāṭa isu,,
790,kaḍegaṇisu,avajñāyām,to disrespect.,karṇāṭa isu,,
791,samanisu,prāptau,to be acquired.,karṇāṭa isu,,
792,tavisu,kṣayē,to cause to decrease.,karṇāṭa isu,,
793,avadharisu,smaraṇē,to consider.,karṇāṭa isu,,o.r. avadhārisu
794,kinisu,kōpē,to be angry.,karṇāṭa isu,,
795,hanisu,rasadānē,to present a liquid.,karṇāṭa isu,,
796,binnavisu,vijñāpanē,to petition.,karṇāṭa isu,,
797,percisu,vardhanē,to cause to grow.,bhinnakartarīsu,,
798,bercisu,bhayē,to cause to suffer fear.,bhinnakartarīsu,,
799,māḍisu,nirmāpaṇē,to cause to perform.,bhinnakartarīsu,,
800,nõḍisu,lōcanakriyāyām,to cause to see.,bhinnakartarīsu,,
801,āḍisu,nartanavidhau,to cause to play.,bhinnakartarīsu,,
802,padisu,gānē,to cause to sing.,bhinnakartarīsu,,
803,õdisu,śāstraśikṣāyām,"to cause to read, as the śāstras.",bhinnakartarīsu,,
804,kādisu,saṅgarakriyāyām,to cause to fight.,bhinnakartarīsu,,
805,muttisu,durgasamvēṣṭanē,to cause to encompass as a fort.,bhinnakartarīsu,,
806,ettisu,uddharaṇē,to cause to lift up.,bhinnakartarīsu,,
807,toḍeyisu,lēpyakaraṇē,to cause to smear.,bhinnakartarīsu,,
808,kaḍiyisu,khaṇḍanē,to cause to cut.,bhinnakartarīsu,,
809,aḻiyisu,layē,to cause to be destroyed.,bhinnakartarīsu,,
810,muḷiyisu,kōpē,to cause to become angry.,bhinnakartarīsu,,
811,kaṭṭisu,bandhanē,to cause to bind.,bhinnakartarīsu,,
812,oṭṭisu,puñjīkaraṇē,to cause to heap.,bhinnakartarīsu,,
813,podeyisu,ācchādanē,to cause to cover.,bhinnakartarīsu,,
814,padeyisu,īpsāyām,to cause to desire.,bhinnakartarīsu,,
815,aguḻisu,khananē,to cause to dig.,bhinnakartarīsu,,
816,tegaḻisu,nindāyām,to cause to blame.,bhinnakartarīsu,,
817,bareyisu,lēkhanē,to cause to write.,bhinnakartarīsu,,
818,oreyisu,karṣaṇē,to cause to draw.,bhinnakartarīsu,,
819,meṟe,viḍambē,"to make manifest, to display.",ṟanta,,
820,kaṟe,dōhanē,to milk.,ṟanta,,
821,maṟi,pōtakāyām,the young of an animal to be born (?).,ṟanta,,
822,teṟe,anāvaraṇōdghaṭanayōḥ,"to be uncovered, to open.",ṟanta,,
823,neṟe,samagratvē,"to become entire, full grown.",ṟanta,,
824,maṟe,vismaraṇē,to forget...,ṟanta,,
825,toṟe,visarjanē,to put away.,ṟanta,,
826,aṟi,jñānē,to know.,ṟanta,,
827,kacciṟi,yugalasandhānē,to join a pair.,ṟanta,kaccu + iṟi,
828,bobbiṟi,mahāravē,"to give a loud sound, to bawl.",ṟanta,bobbe + iṟi,
829,paṟi,vicchittau,"to cut, tear.",ṟanta,,
830,taṟi,lūnē,to clip or strip off.,ṟanta,,
831,muṟi,mõṭanē,to break.,ṟanta,,
832,taṟi,chēdē,to cut.,ṟanta,,cf. 830
833,nuṟi,sañcūrṇē,to be powdered.,ṟanta,,
834,paṟi,bhūṣanē,to decorate.,ṟanta,,cf. 829
835,iṟi,ghātanē,"to strike, stab.",ṟanta,,
836,aḷḷiṟi,spandanē,"to tremble, shake.",ṟanta,aḷḷu + iṟi,
837,īdiri,śr̥ṅgasaṅkarṣaṇē,to rub with the horns.,ṟanta,īḷu + iṟi,
838,pāṅgaṟi,prakāragamanē,to go in proper order.,ṟanta,pāṅgu + aṟi,
839,eḍegiṟi,sañchandanē,to be covered.,ṟanta,eḍege + iṟi,
840,ēṟu,ārōhaṇē,to ascend.,ṟanta,,o.r. ēṟ
841,miṟu,atikramaṇē,to transgress.,ṟanta,,o.r. mir
842a,kēṟu,śūrpakaraṇē,to winnow.,ṟanta,,
842b,tūṟu,uddhūtau,to rouse up.,ṟanta,,
842c,dūṟu,paiśūnyē,to calumniate.,ṟanta,,
842d,tīṟu,kabaḷanē,to take mouthfuls.,ṟanta,,
842e,sāṟu,ghōṣaṇē,to proclaim.,ṟanta,,
843,pāṟu,utplavanē,"to leap up, to jump.",ṟanta,o.r. pāṟ,
844,tōṟu,darśanē,to appear.,ṟanta,o.r. tōṟ,
845,kīṟu,āgraha-pramārjanayōḥ,to rage; to rub off or away.,ṟanta,,"cf. 883, o.r. kīṟ"
846,māṟu,vikrayē,"to barter, sell.",ṟanta,,
847,kaṟu,vamane,to vomit.,ṟanta,,
848,naṟu,durgandhē,to smell.,ṟanta,,
849,pēṟu,vikīryē,to scatter.,ṟanta,,o.r. piṟu
850,tāṟu,śōṣaṇē,"to become dry, dry up.",ṟanta,,
851,ūṟu,sattvē,"to be, exist.",ṟanta,,
852,kedaṟu,vikīrṇē,"to scatter, dishevel.",ṟanta,,
853,oṟe,sravaṇē,"to ooze, flow.",ṟanta,,
854,bedaṟu,vyastē,"to be agitatéd, alarmed.",ṟanta,,
855,odaṟu,āsphōṭanē,to make noise by slapping or clapping the arms.,ṟanta,,
856,gadaṟu,garjanē,to roar.,ṟanta,,
857,samaṟu,cārukaraṇē,to make beautiful.,ṟanta,,
858,musuṟu,sañchannē,to cover.,ṟanta,,
859,eḍaṟu,vakrabhavē,to be crooked.,ṟanta,,
860a,aḷaṟu,bhayē,to fear.,ṟanta,,
860b,peḻaru,bhayē,to fear.,ṟanta,,
861,oḷaṟu,ravē,to sound.,ṟanta,,
862,kiḷiṟu,hayaghōṣē,to neigh as a horse.,ṟanta,,
863,poṟamāru,palāyanē,to flee.,ṟanta,,
864,peṟu,upalabdhau,to acquire.,ṟanta,,
865,teppaṟu,cētanakaraṇē,to animate.,ṟanta,,
866,tiṟu,vinimayē,"to barter, exchange.",ṟanta,,
867,kiṟu,vyavadhānē,to come between.,ṟanta,,
868,poṟu,śirōdhāraṇē,to bear on the head.,ṟanta,,
869,eṟe,dravadravyadānē,to pour out liquids .,ṟanta,,
870,koṟe,khaṇḍanē,to cut.,ṟanta,,
871,jaṟe,avagrahē,to be impeded (cf. 888).,ṟanta,,
872,aṟe,svarūpabhāvē,to lose one form.,ṟanta,,
873,kaymaṟe,vismayē,to be amazed.,ṟanta,kay + maṟe,
874,tegeneṟe,ākarṇāntē,to pull to its full extent.,ṟanta,tege + neṟe,
875,eḻcaṟu,jāgaraṇē,to awake.,ṟanta,,
876a,bēsaṟu,ālasyē,to be weary or fatigued.,ṟanta,,
876b,āsaṟu,ālasyē,to be weary or fatigued.,ṟanta,,
877a,aḷkaṟu,bhayē,to fear.,ṟanta,,
877b,beḷkaṟu,bhayē,to fear.,ṟanta,,o.r. beḻkaṟu
878,aḷkaṟu,prēmni,to love.,ṟanta,,
879,eḷcaṟu,nidrābhāvē,to be vigilant (cf. 875).,ṟanta,,
880,poccaṟu,sphuraṇē,to appear.,ṟanta,,
881,āṟu,nirdravē,"to dry up, become dry,",ṟanta,,
882,sīṟu,duḥkalahē,"to be grieved, to grow enraged.",ṟanta,,
883,kīru,bhayadhvanau,to cry out from fear.,ṟanta,,cf. kīṟu
884,bīṟu,svēcchapradānē,to give away according to one’s inclination.,ṟanta,,
885,giṟu,paribhavanē,"to conceive, think.",ṟanta,,
886,jiṟu,bhayē,to fear.,ṟanta,,
887,ēṟu,samagratvē,to be complete.,ṟanta,,
888,jaṟe,ākramaṇālāpē,to speak assaultingly.,ṟanta,,
889,beṟe,ahaṅkārabhāvē,to be arrogant.,ṟanta,,
890,kuḻi,khananē,to dig.,ḻanta,,
891,iḻi,nimnāvataraṇē,"to come down, to descend.",ḻanta,,
892,uḻi,avasiṣṭē,to remain.,ḻanta,,
893,aḻi,vināśē,to be ruined.,ḻanta,,
894,kaḻi,nidhanātidūrayõḥ,"to end, to die, to go or be removed very far.",ḻanta,,
895,baḻi,sammārjanamārgavaṁśēṣu,to sweep; road; race; lineage.,ḻanta,,
896a,kaygaḻi,atikramaṇē,to surpass.,ḻanta,kay + kaḻi,
896b,asakaḻi,atikramaṇē,to surpass.,ḻanta,,
897,paḻi,nindāyām,to rebuke.,ḻanta,,
898,suḻi,bhramaṇē,to turn round.,ḻanta,,o.r. paribhramaṇē
899,tuḻi,pādasaṅghaṭṭanē,to trample on.,ḻanta,,
900,hiḻi,nirdravakaraṇē,"to squeeze out; dalanarthē kuḷam but when meaning ‘to burst’ it is hiḷi, for instance hiḷḷane hiḷidudu.",ḻanta,,
901,kaḻe,jīrṇē,"to decay, to rot.",ḻanta,,
902,eḻe,ākramṇākarṣaṇē,"to draw with power, to pull.",ḻanta,,
903,kīḻ,utpāṭanē,to pull out.,ḻanta,,
904,uḻ,halavilēkhanē,"to make furrows, to plough.",ḻanta,,
905,aḻ,rōdanē,to weep.,ḻanta,,
906,aguḻ,khananē,to dig.,ḻanta,,
907,tegaḻ,nindāyām,"to rebuke, to blame.",ḻanta,,
908,jaguḻ,apasaraṇē,to go away.,ḻanta,,
909,pogaḻ,samstavanē,to praise.,ḻanta,,
910,negaḻ,udyōga-khyātayōḥ,"to engage in, to be known or famous.",ḻanta,,
911,maguḻ,nivartanē,to return.,ḻanta,,
912,paḍamaguḻ,paranmukha,to turn the face backward.,ḻanta,paḍa + maguḻ,o.r. peḍammaguḻ
913,eḻe,rõdhākarṣanē,to lay hold of and forcibly to drag.,ḻanta,,c.f. 902
914a,āḻ,jalanimajjanē,"to dive into water, to sit in water; sēvakē kuḷam but when meaning ‘serve’ it is written as āḷ.",ḻanta,,
914b,aguḻ,jalanimajjanē,"to dive into water, to sit in water; sēvakē kuḷam but when meaning ‘serve’ it is written as āḷ.",ḻanta,,
915,bāḻ,jīvanē,to live; khaḍgē kuḷam but when meaning ‘sword’ written as bāḷ.,ḻanta,,
916,pōḻ,vidāraṇē,"to cleave asunder, split.",ḻanta,,
917,pūḻ,ācchādanē,to cover.,ḻanta,,
918,bīḻ,patanē,to fall.,ḻanta,,
919,ēḻ,utthānē,to rise.,ḻanta,,
920,pāṟēḻ,nirdhāvanē,to run away.,ḻanta,pāṟu + ēḻ,
921,jīṟēḻ,dhvanivikārē,"to sound strangely, to scream.",ḻanta,jīṟu + ēḻ,
922,beḷe,sasyavriddhau,"to grow, as corn.",ḷanta,,
923,baḷe,pravr̥ddhau,"to grow up, to prosper,",ḷanta,,
924,taḷe,dhāraṇē,to obtain; atapatrabhēdē ṟaḻam when meaning ‘parasol’ it is written as taḻe.,ḷanta,,
925,moḷe,prarōhakriyāyām,to sprout; get shoots.,ḷanta,,
926,seḷe,ākarṣaṇē,to draw.,ḷanta,,
927,aḷe,parimāṇē,to measure.,ḷanta,,
928,toḷe,"prakṣālanē to remove by washing, wash.",tūlāyām ca,ḷanta,,
929,poḷe,luṭhanē,to roll about; nadyarthē ṟaḻam but when meaning ‘river’ written as poḻe.,ḷanta,,
930,kaḷe,visarjanē,"to throw away; kaḷāyām kṣalam but when meaning‘lustre,’ the ḷ is kṣaḷa.",ḷanta,,
931,taḷi,sēcanē,to spriṅkle.,ḷanta,,
932,naḷi,namanē,to bow.,ḷanta,,
933,caḷi,vigataprabhāvē,(o.r. vigatabhāva) to be deprived of power.,ḷanta,,
934,muḷi,kōpē,to be angry.,ḷanta,,
935,tiḷi,nairmalyē,"to be or become clean or clear; jñānaprasannabhāvayōḥ to be known, to know; to be pleased.",ḷanta,,
936,keḷe,ākarṣaṇē,to draw towards one's self.,ḷanta,,omitted in one m.s.
937,tūḷ,avasarpaṇē,to retreat.,ḷanta,,
938,tāḷ,dhāraṇē,to bear; vr̥kṣē ṟaḻam but when meaning ‘the palmyra tree’ it is written as tāḻ.,ḷanta,,
939,sīḷ,vidāraṇē,"to cleave, split.",ḷanta,,
940,bēḷ,haviḥpradānē,to offer into fire; nivr̥ddhau to be without growth.,ḷanta,,
941,nõḷ,agragamanē,to go before.,ḷanta,,
942,ōḷ,nidhuvanē,to have sexual intercourse.,ḷanta,,
943,ūḷ,dūrādāhvānē,to call from afar.,ḷanta,,
944,nīḷ,prasāraṇē,to extend.,ḷanta,,
945,kaḷ,stēyē,to steal.,ḷanta,,
946,koḷ,grahaṇē,"to seize, take, lay hold.",ḷanta,,
947,muḷ,kaṇṭakē,"to be irritated, etc.",ḷanta,,
948,masuḷ,vigataprabhāyām,"lustre to go away or disappear, grow dim.",ḷanta,,
949a,nuguḷ,dvārapravēśē,to enter a door or opening.,ḷanta,,
949b,nusuḷ,dvārapravēśē,to enter a door or opening.,ḷanta,,
950,taguḷ,anudhāvanē,to run after.,ḷanta,,
951,baguḷ,kurkuradhvanau,"to sound as a dog, to bark.",ḷanta,,
952,muguḷ,nimīlanē,to shut the eyelids.,ḷanta,,
953,suruḷ,saṅkōcanē,"to contact, shrivel, uruḷ nimnapatanē to roll down.",ḷanta,,
954,poraḷ,luṭhanē,to roll.,ḷanta,,
955,sūruḷ,śapathē,to swear.,ḷanta,,
956,kaṇgoḷ,darśanīyē,to appear.,ḷanta,kaṇ + koḷ,
957,kaykoḷ,svīkārē,to adopt.,ḷanta,kay + koḷ,
958,bengoḷ,anudhāvanē,to run after.,ḷanta,ben + koḷ,
959,dorekoḷ,prāptau,to be obtained or gained.,ḷanta,dore + koḷ,
960,manaṁgoḷ,cittavimōhanē,the mind to be captured.,ḷanta,manam + koḷ,
961,asuṁgoḷ,prāṇāpaharaṇē,"to take away life, to kill.",ḷanta,asum + koḷ,
962,baḻikoḷ,kramasandhānē,to put together in regular order.,ḷanta,baḻi + koḷ,
963,neṟekoḷ,sarvasvaharaṇē,to seize all,ḷanta,neṟe + koḷ,
964,māṟkoḷ,sammukhē,to become opposite to.,ḷanta,māṟ + koḷ,
965,olavaraṁgoḷ,pakṣasvīkārē,to side with.,ḷanta,olavaram + koḷ,